FSA,PROV_CODE
L0B,35
L0C,35
L0G,35
L0H,35
L0J,35
L1S,35
L1V,35
L1W,35
L1X,35
L1Z,35
L3P,35
L3R,35
L3S,35
L3T,35
L4A,35
L4B,35
L4C,35
L4E,35
L4G,35
L4H,35
L4J,35
L4K,35
L4L,35
L4S,35
L4T,35
L4V,35
L4W,35
L4X,35
L4Y,35
L4Z,35
L5A,35
L5B,35
L5C,35
L5E,35
L5G,35
L5H,35
L5J,35
L5K,35
L5L,35
L5M,35
L5N,35
L5P,35
L5R,35
L5S,35
L5T,35
L5V,35
L5W,35
L6A,35
L6B,35
L6C,35
L6E,35
L6G,35
L6H,35
L6J,35
L6K,35
L6L,35
L6P,35
L6R,35
L6S,35
L6T,35
L6W,35
L6Y,35
L7B,35
L9L,35
L9P,35
M1B,35
M1C,35
M1E,35
M1G,35
M1H,35
M1J,35
M1K,35
M1L,35
M1M,35
M1N,35
M1P,35
M1R,35
M1S,35
M1T,35
M1V,35
M1W,35
M1X,35
M2H,35
M2J,35
M2K,35
M2L,35
M2M,35
M2N,35
M2P,35
M2R,35
M3A,35
M3B,35
M3C,35
M3H,35
M3J,35
M3K,35
M3L,35
M3M,35
M3N,35
M4A,35
M4B,35
M4C,35
M4E,35
M4G,35
M4H,35
M4J,35
M4K,35
M4L,35
M4M,35
M4N,35
M4P,35
M4R,35
M4S,35
M4T,35
M4V,35
M4W,35
M4X,35
M4Y,35
M5A,35
M5B,35
M5C,35
M5E,35
M5G,35
M5H,35
M5J,35
M5K,35
M5L,35
M5M,35
M5N,35
M5P,35
M5R,35
M5S,35
M5T,35
M5V,35
M5W,35
M5X,35
M6A,35
M6B,35
M6C,35
M6E,35
M6G,35
M6H,35
M6J,35
M6K,35
M6L,35
M6M,35
M6N,35
M6P,35
M6R,35
M6S,35
M7A,35
M7R,35
M7Y,35
M8V,35
M8W,35
M8X,35
M8Y,35
M8Z,35
M9A,35
M9B,35
M9C,35
M9L,35
M9M,35
M9N,35
M9P,35
M9R,35
M9V,35
M9W,35
